post_id;username;post_content;likes;dislikes;comments
P0001;Anita.Hardcock@gmail.com; Social media cleanse starts now Couldn't agree more;69;83;4
P0002;Ben.Dover@gmail.com; Sending good vibes your way! This hit hard;53;53;5
P0003;Phil.McCracken@gmail.com; Just finished a great workout! Might delete later;67;95;0
P0004;Al.Beback@gmail.com; Can't believe how fast time flies So true;53;1;2
P0005;Drew.Peacock@gmail.com; Proud of how far I've come Feeling it;26;67;6
P0006;Mike.Litoris@gmail.com; Can't decide what’s scarier – change or staying the same Needed this today;63;7;2
P0007;Crystal.Clear@gmail.com; Today felt like a dream Anyone else?;71;57;10
P0008;Justin.Time@gmail.com; Anyone else obsessed with bubble tea? So true;43;66;10
P0009;Lou.Natic@gmail.com; New city, new adventures Mood;46;93;10
P0010;Rick.O'Shea@gmail.com; Being present is underrated Let me know;19;44;6
P0011;Bob.Upndown@gmail.com; Got lost in a good book again Mood;53;49;9
P0012;Pat.Myaz@gmail.com; I think I’m finally getting the hang of this This hit hard;58;22;0
P0013;Buster.Hyman@gmail.com; Today felt like a dream #blessed;43;98;3
P0014;Ivana.Tinkle@gmail.com; Feeling grateful for the little things Mood;84;32;1
P0015;Wayne.Kerr@gmail.com; What’s your favorite movie of all time? Feeling it;38;38;0
P0016;Ella.Vator@gmail.com; New city, new adventures Needed this today;40;19;1
P0017;Harry.Johnson@gmail.com; Trying something new today – wish me luck! What a day;54;53;9
P0018;Sal.Ami@gmail.com; This hit different Thoughts?;71;90;3
P0019;Gabe.Itch@gmail.com; Being present is underrated Thoughts?;48;62;5
P0020;Stan.Dup@gmail.com; This year is going way too fast Needed this today;67;41;2
P0021;Dee.Zaster@gmail.com; I need a vacation…  Like, now This hit hard;58;38;4
P0022;Paige.Turner@gmail.com; Just finished a great workout! What a day;60;3;9
P0023;Ray.Pugh@gmail.com; This sunset deserves a thousand likes! Mood;35;45;0
P0024;Will.Power@gmail.com; What’s your favorite movie of all time? Kinda random but okay;60;50;10
P0025;Justin.Case@gmail.com; What’s your favorite movie of all time? Anyone else?;56;32;8
P0026;Noah.Fence@gmail.com; Proud of how far I've come Let me know;24;7;8
P0027;Warren.Peace@gmail.com; Some days are just harder than others Couldn't agree more;52;84;1
P0028;Polly.Ester@gmail.com; This sunset deserves a thousand likes! Feeling it;47;81;0
P0029;Art.Major@gmail.com; Can't believe how fast time flies Couldn't agree more;70;34;9
P0030;Brock.Lee@gmail.com; Feeling lost but hopeful Feeling it;67;45;0
P0031;Barb.Dwyer@gmail.com; Being present is underrated Mood;66;28;4
P0032;Don.Keigh@gmail.com; Sunshine and good vibes today So true;25;75;6
P0033;Gail.Forcewind@gmail.com; We all need someone to talk to What a day;26;79;9
P0034;Jean.Poole@gmail.com; Proud of how far I've come This hit hard;33;30;10
P0035;Mary.Juana@gmail.com; Dropped my phone again…  RIP screen Needed this today;59;93;6
P0036;Mike.Rotch@gmail.com; I think I’m finally getting the hang of this Just saying;46;96;5
P0037;Rick.Shaw@gmail.com; When was the last time you did something for the first time? Couldn't agree more;65;88;4
P0038;Sandy.Beech@gmail.com; Trying to eat healthy…;76;60;10
P0039;Shanda.Lear@gmail.com; Feeling lost but hopeful Kinda random but okay;19;7;5
P0040;Tara.Byte@gmail.com; Woke up to the sound of rain;72;10;6
P0041;Will.Wynn@gmail.com; Finally tried sushi for the first time! Thoughts?;81;29;7
P0042;Emma.Sanchez@gmail.com; Can’t stop listening to this one song Might delete later;54;27;9
P0043;Liam.Becker@gmail.com; Gym day;55;59;1
P0044;Ava.Nakamura@gmail.com; Throwback to a simpler time #blessed;52;5;0
P0045;Noah.Schmidt@gmail.com; Remember to breathe Needed this today;89;18;0
P0046;Sophia.Rossi@gmail.com; Healing isn't linear;93;1;7
P0047;Elijah.Novak@gmail.com; Life is weird, but that’s what makes it beautiful;71;79;1
P0048;Mia.Chen@gmail.com; Share your thoughts: Is social media a blessing or a curse? Let me know;65;86;8
P0049;Lucas.Ibrahim@gmail.com; Share your thoughts: Is social media a blessing or a curse? This hit hard;31;35;9
P0050;Olivia.Petrova@gmail.com; This sunset deserves a thousand likes! Kinda random but okay;63;97;4
P0051;Mateo.König@gmail.com; It’s okay not to be okay Let me know;61;22;10
P0052;Isabella.Kim@gmail.com; Miss the days before everything went digital What do you think?;75;73;9
P0053;Leo.Fernandez@gmail.com; Trying to stay grounded Might delete later;32;79;2
P0054;Chloe.Dubois@gmail.com; Miss the days before everything went digital So true;24;20;3
P0055;Ethan.Müller@gmail.com; Life is weird, but that’s what makes it beautiful Just saying;55;7;0
P0056;Amira.Johnson@gmail.com; Remember to breathe What a day;74;72;2
P0057;Benjamin.Zhang@gmail.com; Do what makes you feel alive Mood;0;82;5
P0058;Julian.Meier@gmail.com; Share your thoughts: Is social media a blessing or a curse? What a day;79;39;4
P0059;Lina.Castillo@gmail.com; Sunshine and good vibes today This hit hard;22;58;10
P0060;Adrian.Costa@gmail.com; Started reading a new book, and I’m hooked This hit hard;35;1;4
P0061;Yasmin.Bauer@gmail.com; Proud of how far I've come Might delete later;59;64;4
P0062;Maxime.Laurent@gmail.com; Dropped my phone again;47;82;5
P0063;Mila.Schmidt@gmail.com; We all need someone to talk to Feeling it;43;34;9
P0064;Felix.Andersson@gmail.com; We all need someone to talk to Thoughts?;46;65;5
P0065;Liana.Weber@gmail.com; Laughing through the chaos What do you think?;39;33;2
P0066;David.Park@gmail.com; This hit different Couldn't agree more;30;86;10
P0067;Emily.Novak@gmail.com; Just finished a great workout! #blessed;0;65;9
P0068;Elias.Bergmann@gmail.com; Gym day;73;71;7
P0069;Samuel.Richter@gmail.com; Remember to breathe What do you think?;87;57;9
P0070;Zoe.Carter@gmail.com; The moon looks beautiful tonight Couldn't agree more;15;75;7
P0071;Anton.Kuznetsov@gmail.com; Just finished a great workout! Couldn't agree more;95;89;7
P0072;Layla.Fischer@gmail.com; Sending good vibes your way! Might delete later;45;55;4
P0073;Niklas.Wagner@gmail.com; Sending good vibes your way! #blessed;45;0;8
P0074;Giulia.Conti@gmail.com; The stars feel closer tonight Thoughts?;102;51;7
P0075;Tomáš.Varga@gmail.com; Finally tried sushi for the first time! Might delete later;60;8;1
P0076;Lea.Zimmermann@gmail.com; Got lost in a good book again;83;53;5
P0077;Johan.Olsen@gmail.com; I need a vacation;53;20;1
P0078;Elif.Kaya@gmail.com; Can't decide what’s scarier – change or staying the same Thoughts?;43;97;10
P0079;Diego.Ramirez@gmail.com; Remember to breathe;41;65;4
P0080;Hanna.Braun@gmail.com; Can someone recommend a good podcast? Let me know;19;98;4
P0081;Elias.Lindberg@gmail.com; We all need someone to talk to #blessed;24;75;0
P0082;Kyra.Tanaka@gmail.com; Made peace with a part of me today Just saying;41;17;10
P0083;Marco.Benedetti@gmail.com; Feeling lost but hopeful So true;38;33;1
P0084;Selina.Koch@gmail.com; Do what makes you feel alive Kinda random but okay;29;47;8
P0085;Jakob.Steiner@gmail.com; Proud of how far I've come What do you think?;95;56;4
P0086;Ayla.Hassan@gmail.com; Share your thoughts: Is social media a blessing or a curse? So true;43;72;10
P0087;Noah.Lefevre@gmail.com; Tired but happy;66;0;3
P0088;Naomi.Jansen@gmail.com; Dropped my phone again;2;86;10
P0089;Milan.Novakovic@gmail.com; Sometimes all you need is a break from everything Might delete later;57;5;9
P0090;Lara.Ivanova@gmail.com; Here’s to growth, even if it’s uncomfortable What do you think?;95;16;1
P0091;Theo.Papadakis@gmail.com; I think I’m finally getting the hang of this Might delete later;26;2;5
P0092;Juna.Baumgartner@gmail.com; Do what makes you feel alive Anyone else?;94;81;1
P0093;Mehdi.Al-Rashid@gmail.com; Made peace with a part of me today Thoughts?;47;84;1
P0094;Greta.Svensson@gmail.com; This sunset deserves a thousand likes! This hit hard;55;40;2
P0095;Omar.El-Khatib@gmail.com; This year is going way too fast Thoughts?;70;7;0
P0096;Anita.Hardcock@gmail.com; Sometimes all you need is a break from everything Thoughts?;66;95;0
P0097;Ben.Dover@gmail.com; Today felt like a dream Kinda random but okay;52;82;9
P0098;Phil.McCracken@gmail.com; Can’t stop listening to this one song This hit hard;57;79;4
P0099;Al.Beback@gmail.com; I need a vacation;43;46;8
P0100;Drew.Peacock@gmail.com; Woke up to the sound of rain;57;88;3
P0101;Mike.Litoris@gmail.com; Creativity feels like magic today Needed this today;12;58;0
P0102;Crystal.Clear@gmail.com; Just had the best coffee ever! What a day;48;90;3
P0103;Justin.Time@gmail.com; Trying to stay grounded Feeling it;26;68;1
P0104;Lou.Natic@gmail.com; Started reading a new book, and I’m hooked Might delete later;1;50;10
P0105;Rick.O'Shea@gmail.com; Feeling grateful for the little things Couldn't agree more;60;23;9
P0106;Bob.Upndown@gmail.com; Tired but happy;92;84;0
P0107;Pat.Myaz@gmail.com; Sometimes silence is the loudest cry #blessed;0;99;8
P0108;Buster.Hyman@gmail.com; Finally tried sushi for the first time! Anyone else?;59;33;7
P0109;Ivana.Tinkle@gmail.com; This hit different So true;26;31;0
P0110;Wayne.Kerr@gmail.com; This sunset deserves a thousand likes! Anyone else?;89;54;8
P0111;Ella.Vator@gmail.com; Social media cleanse starts now Might delete later;118;16;2
P0112;Harry.Johnson@gmail.com; Tired but happy;70;55;9
P0113;Sal.Ami@gmail.com; Finally tried sushi for the first time!;31;8;5
P0114;Gabe.Itch@gmail.com; Gym day;50;100;3
P0115;Stan.Dup@gmail.com; Being present is underrated This hit hard;62;95;2
P0116;Dee.Zaster@gmail.com; Just had the best coffee ever! Thoughts?;13;32;1
P0117;Paige.Turner@gmail.com; Feeling lost but hopeful Needed this today;68;83;4
P0118;Ray.Pugh@gmail.com; Sometimes all you need is a break from everything #blessed;70;36;8
P0119;Will.Power@gmail.com; This hit different What a day;36;47;7
P0120;Justin.Case@gmail.com; The moon looks beautiful tonight #blessed;54;9;8
P0121;Noah.Fence@gmail.com; Sending good vibes your way! Feeling it;53;22;5
P0122;Warren.Peace@gmail.com; Trying something new today – wish me luck! Mood;19;93;5
P0123;Polly.Ester@gmail.com; Trying to eat healthy;22;74;9
P0124;Art.Major@gmail.com; Here’s to growth, even if it’s uncomfortable Feeling it;95;2;8
P0125;Brock.Lee@gmail.com; Throwback to a simpler time Might delete later;73;8;9
P0126;Barb.Dwyer@gmail.com; Sunshine and good vibes today Just saying;60;86;5
P0127;Don.Keigh@gmail.com; Sunshine and good vibes today Mood;54;46;9
P0128;Gail.Forcewind@gmail.com; That awkward moment when reality hits you #blessed;48;67;4
P0129;Jean.Poole@gmail.com; Here’s to growth, even if it’s uncomfortable Kinda random but okay;87;55;2
P0130;Mary.Juana@gmail.com; Can’t stop listening to this one song Mood;0;9;0
P0131;Mike.Rotch@gmail.com; What if we stopped pretending? Kinda random but okay;45;44;6
P0132;Rick.Shaw@gmail.com; It’s okay not to be okay Couldn't agree more;78;48;6
P0133;Sandy.Beech@gmail.com; Just me overthinking everything again Anyone else?;0;0;8
P0134;Shanda.Lear@gmail.com; Throwback to a simpler time Let me know;38;96;1
P0135;Tara.Byte@gmail.com; Throwback to a simpler time What do you think?;58;56;8
P0136;Will.Wynn@gmail.com; Just finished a great workout! Needed this today;67;9;7
P0137;Emma.Sanchez@gmail.com; Some things just aren’t meant to be explained Feeling it;50;27;5
P0138;Liam.Becker@gmail.com; Got lost in a good book again Just saying;2;24;4
P0139;Ava.Nakamura@gmail.com; This year is going way too fast Might delete later;73;22;7
P0140;Noah.Schmidt@gmail.com; Miss the days before everything went digital Kinda random but okay;49;28;3
P0141;Sophia.Rossi@gmail.com; Do what makes you feel alive What a day;57;63;7
P0142;Elijah.Novak@gmail.com; Some days are just harder than others #blessed;60;51;10
P0143;Mia.Chen@gmail.com; Here’s to growth, even if it’s uncomfortable What a day;0;34;10
P0144;Lucas.Ibrahim@gmail.com; Share your thoughts: Is social media a blessing or a curse? Kinda random but okay;10;52;7
P0145;Olivia.Petrova@gmail.com; Can't believe how fast time flies Kinda random but okay;1;33;6
P0146;Mateo.König@gmail.com; Some days are just harder than others Mood;24;55;3
P0147;Isabella.Kim@gmail.com; This sunset deserves a thousand likes! Just saying;69;46;8
P0148;Leo.Fernandez@gmail.com; Social media cleanse starts now Needed this today;22;82;10
P0149;Chloe.Dubois@gmail.com; Just needed to vent a little What do you think?;27;8;8
P0150;Ethan.Müller@gmail.com; Being present is underrated;49;88;3
P0151;Amira.Johnson@gmail.com; Some days are just harder than others Let me know;42;48;8
P0152;Benjamin.Zhang@gmail.com; Here’s to growth, even if it’s uncomfortable #blessed;24;58;1
P0153;Julian.Meier@gmail.com; The moon looks beautiful tonight Might delete later;12;21;6
P0154;Lina.Castillo@gmail.com; Laughing through the chaos So true;65;48;3
P0155;Adrian.Costa@gmail.com; Can't believe how fast time flies #blessed;50;71;3
P0156;Yasmin.Bauer@gmail.com; Trust the timing of your life Might delete later;17;12;7
P0157;Maxime.Laurent@gmail.com; Still searching for balance Let me know;60;27;2
P0158;Mila.Schmidt@gmail.com; Just me overthinking everything again This hit hard;93;12;6
P0159;Felix.Andersson@gmail.com; Tired but happy;84;74;5
P0160;Liana.Weber@gmail.com; Trying something new today – wish me luck! Might delete later;70;91;5
P0161;David.Park@gmail.com; This hit different Anyone else?;52;55;4
P0162;Emily.Novak@gmail.com; The moon looks beautiful tonight Thoughts?;39;33;9
P0163;Elias.Bergmann@gmail.com; Some things just aren’t meant to be explained #blessed;28;4;5
P0164;Samuel.Richter@gmail.com; Can't believe how fast time flies Needed this today;42;97;4
P0165;Zoe.Carter@gmail.com; The stars feel closer tonight Kinda random but okay;49;65;1
P0166;Anton.Kuznetsov@gmail.com; Tired but happy;62;96;5
P0167;Layla.Fischer@gmail.com; What’s your favorite movie of all time? What do you think?;64;34;4
P0168;Niklas.Wagner@gmail.com; Anyone else obsessed with bubble tea? Kinda random but okay;88;18;6
P0169;Giulia.Conti@gmail.com; Here’s to growth, even if it’s uncomfortable Couldn't agree more;52;54;4
P0170;Tomáš.Varga@gmail.com; That awkward moment when reality hits you Thoughts?;65;51;7
P0171;Lea.Zimmermann@gmail.com; Trust the timing of your life What do you think?;34;50;10
P0172;Johan.Olsen@gmail.com; Some days are just harder than others Just saying;107;20;9
P0173;Elif.Kaya@gmail.com; Tired but happy;35;0;2
P0174;Diego.Ramirez@gmail.com; Dropped my phone again;55;82;5
P0175;Hanna.Braun@gmail.com; Trying to stay grounded Let me know;16;7;5
P0176;Elias.Lindberg@gmail.com; Sometimes all you need is a break from everything Couldn't agree more;32;22;8
P0177;Kyra.Tanaka@gmail.com; Feeling grateful for the little things Might delete later;53;14;1
P0178;Marco.Benedetti@gmail.com; Finally tried sushi for the first time! Needed this today;16;81;4
P0179;Selina.Koch@gmail.com; Sometimes silence is the loudest cry Anyone else?;71;96;1
P0180;Jakob.Steiner@gmail.com; Some days are just harder than others What a day;48;20;2
P0181;Ayla.Hassan@gmail.com; Some things just aren’t meant to be explained Couldn't agree more;58;84;3
P0182;Noah.Lefevre@gmail.com; Laughing through the chaos Thoughts?;62;73;5
P0183;Naomi.Jansen@gmail.com; Here’s to growth, even if it’s uncomfortable Anyone else?;70;53;3
P0184;Milan.Novakovic@gmail.com; Can't decide what’s scarier – change or staying the same;54;54;7
P0185;Lara.Ivanova@gmail.com; Can someone recommend a good podcast? Couldn't agree more;19;2;2
P0186;Theo.Papadakis@gmail.com; Tired but happy;0;21;4
P0187;Juna.Baumgartner@gmail.com; Can't decide what’s scarier – change or staying the same Anyone else?;91;93;7
P0188;Mehdi.Al-Rashid@gmail.com; Sending good vibes your way! Just saying;66;0;8
P0189;Greta.Svensson@gmail.com; Got lost in a good book again Let me know;31;62;6
P0190;Omar.El-Khatib@gmail.com; Do what makes you feel alive Might delete later;0;1;1
P0191;Anita.Hardcock@gmail.com; Can't believe how fast time flies Might delete later;45;31;2
P0192;Ben.Dover@gmail.com; When was the last time you did something for the first time? Anyone else?;46;85;7
P0193;Phil.McCracken@gmail.com; The moon looks beautiful tonight This hit hard;12;87;4
P0194;Al.Beback@gmail.com; Can someone recommend a good podcast?;30;88;4
P0195;Drew.Peacock@gmail.com; Can't believe how fast time flies Let me know;7;28;3
P0196;Mike.Litoris@gmail.com; It’s okay not to be okay Kinda random but okay;67;96;3
P0197;Crystal.Clear@gmail.com; Some days are just harder than others Feeling it;64;77;3
P0198;Justin.Time@gmail.com; Still searching for balance Thoughts?;32;81;0
P0199;Lou.Natic@gmail.com; Trying something new today – wish me luck!;41;44;5
P0200;Rick.O'Shea@gmail.com; Tired but happy;70;25;10
P0201;Bob.Upndown@gmail.com; Started reading a new book, and I’m hooked Kinda random but okay;41;6;2
P0202;Pat.Myaz@gmail.com; Some things just aren’t meant to be explained Anyone else?;51;47;7
P0203;Buster.Hyman@gmail.com; It’s okay not to be okay Anyone else?;0;71;10
P0204;Ivana.Tinkle@gmail.com; Finally tried sushi for the first time! Feeling it;32;48;1
P0205;Wayne.Kerr@gmail.com; Feeling lost but hopeful Couldn't agree more;48;92;4
P0206;Ella.Vator@gmail.com; Remember to breathe Couldn't agree more;53;98;8
P0207;Harry.Johnson@gmail.com; Sunshine and good vibes today What a day;10;50;7
P0208;Sal.Ami@gmail.com; Can’t stop listening to this one song Anyone else?;50;18;4
P0209;Gabe.Itch@gmail.com; Miss the days before everything went digital Might delete later;26;60;8
P0210;Stan.Dup@gmail.com; Trust the timing of your life What a day;42;98;7
P0211;Dee.Zaster@gmail.com; Being present is underrated Just saying;26;84;6
P0212;Paige.Turner@gmail.com; Throwback to a simpler time Needed this today;87;0;6
P0213;Ray.Pugh@gmail.com; This sunset deserves a thousand likes! #blessed;68;64;1
P0214;Will.Power@gmail.com; Proud of how far I've come Thoughts?;29;53;2
P0215;Justin.Case@gmail.com; Trust the timing of your life Mood;96;52;1
P0216;Noah.Fence@gmail.com; Still searching for balance Kinda random but okay;29;14;4
P0217;Warren.Peace@gmail.com; Still searching for balance This hit hard;38;30;10
P0218;Polly.Ester@gmail.com; I think I’m finally getting the hang of this So true;75;10;7
P0219;Art.Major@gmail.com; Trust the timing of your life Anyone else?;62;46;6
P0220;Brock.Lee@gmail.com; Remember to breathe Kinda random but okay;47;12;10
P0221;Barb.Dwyer@gmail.com; Dropped my phone again;53;7;3
P0222;Don.Keigh@gmail.com; Miss the days before everything went digital Anyone else?;47;35;3
P0223;Gail.Forcewind@gmail.com; Can’t stop listening to this one song Needed this today;29;91;9
P0224;Jean.Poole@gmail.com; I think I’m finally getting the hang of this Couldn't agree more;82;5;7
P0225;Mary.Juana@gmail.com; Feeling grateful for the little things Anyone else?;54;79;5
P0226;Mike.Rotch@gmail.com; Gym day;45;66;1
P0227;Rick.Shaw@gmail.com; Trust the timing of your life #blessed;39;56;4
P0228;Sandy.Beech@gmail.com; Feeling grateful for the little things This hit hard;54;72;0
P0229;Shanda.Lear@gmail.com; The stars feel closer tonight Mood;46;59;8
P0230;Tara.Byte@gmail.com; Sometimes silence is the loudest cry Couldn't agree more;57;38;4
P0231;Will.Wynn@gmail.com; Trying to eat healthy;43;94;8
P0232;Emma.Sanchez@gmail.com; Laughing through the chaos Kinda random but okay;35;19;4
P0233;Liam.Becker@gmail.com; We all need someone to talk to;67;32;2
P0234;Ava.Nakamura@gmail.com; It’s okay not to be okay Might delete later;71;65;4
P0235;Noah.Schmidt@gmail.com; Gym day;43;30;6
P0236;Sophia.Rossi@gmail.com; Can't decide what’s scarier – change or staying the same So true;36;18;0
P0237;Elijah.Novak@gmail.com; Miss the days before everything went digital #blessed;29;83;9
P0238;Mia.Chen@gmail.com; Remember to breathe This hit hard;55;85;7
P0239;Lucas.Ibrahim@gmail.com; Feeling lost but hopeful;0;27;9
P0240;Olivia.Petrova@gmail.com; Feeling grateful for the little things Let me know;14;82;6
P0241;Mateo.König@gmail.com; The stars feel closer tonight Needed this today;76;5;9
P0242;Isabella.Kim@gmail.com; Can't believe how fast time flies What a day;3;73;9
P0243;Leo.Fernandez@gmail.com; When was the last time you did something for the first time? Let me know;22;100;7
P0244;Chloe.Dubois@gmail.com; Laughing through the chaos Let me know;24;75;4
P0245;Ethan.Müller@gmail.com; What if we stopped pretending? Thoughts?;51;4;2
P0246;Amira.Johnson@gmail.com; This year is going way too fast Feeling it;43;66;2
P0247;Benjamin.Zhang@gmail.com; New city, new adventures Feeling it;63;81;3
P0248;Julian.Meier@gmail.com; Got lost in a good book again #blessed;91;7;7
P0249;Lina.Castillo@gmail.com; Being present is underrated Needed this today;101;6;5
P0250;Adrian.Costa@gmail.com; Some things just aren’t meant to be explained Mood;19;93;9
P0251;Yasmin.Bauer@gmail.com; Healing isn't linear Mood;91;69;3
P0252;Maxime.Laurent@gmail.com; Some days are just harder than others;100;32;6
P0253;Mila.Schmidt@gmail.com; Trying something new today – wish me luck! Thoughts?;48;22;10
P0254;Felix.Andersson@gmail.com; Healing isn't linear Just saying;62;60;9
P0255;Liana.Weber@gmail.com; Just finished a great workout! Mood;64;29;0
P0256;David.Park@gmail.com; This hit different Let me know;61;60;3
P0257;Emily.Novak@gmail.com; We all need someone to talk to Kinda random but okay;31;3;1
P0258;Elias.Bergmann@gmail.com; Taking things one day at a time Let me know;29;16;1
P0259;Samuel.Richter@gmail.com; Proud of how far I've come #blessed;62;8;8
P0260;Zoe.Carter@gmail.com; That awkward moment when reality hits you Couldn't agree more;49;66;6
P0261;Anton.Kuznetsov@gmail.com; Anyone else obsessed with bubble tea? Thoughts?;14;72;7
P0262;Layla.Fischer@gmail.com; Social media cleanse starts now Feeling it;70;22;10
P0263;Niklas.Wagner@gmail.com; Healing isn't linear This hit hard;73;29;10
P0264;Giulia.Conti@gmail.com; Miss the days before everything went digital Couldn't agree more;54;41;3
P0265;Tomáš.Varga@gmail.com; Sometimes silence is the loudest cry Kinda random but okay;0;38;4
P0266;Lea.Zimmermann@gmail.com; Proud of how far I've come Needed this today;30;16;7
P0267;Johan.Olsen@gmail.com; Dropped my phone again;31;34;6
P0268;Elif.Kaya@gmail.com; New city, new adventures Just saying;19;12;5
P0269;Diego.Ramirez@gmail.com; Finally tried sushi for the first time! Mood;53;18;0
P0270;Hanna.Braun@gmail.com; Miss the days before everything went digital Just saying;33;13;9
P0271;Elias.Lindberg@gmail.com; New city, new adventures Thoughts?;58;4;10
P0272;Kyra.Tanaka@gmail.com; Social media cleanse starts now Mood;17;38;9
P0273;Marco.Benedetti@gmail.com; Remember to breathe #blessed;46;100;1
P0274;Selina.Koch@gmail.com; Finally tried sushi for the first time! This hit hard;45;20;2
P0275;Jakob.Steiner@gmail.com; Tired but happy;88;68;6
P0276;Ayla.Hassan@gmail.com; Finally tried sushi for the first time! Couldn't agree more;63;95;1
P0277;Noah.Lefevre@gmail.com; The moon looks beautiful tonight;27;43;0
P0278;Naomi.Jansen@gmail.com; Tired but happy;34;16;7
P0279;Milan.Novakovic@gmail.com; Some things just aren’t meant to be explained So true;98;68;2
P0280;Lara.Ivanova@gmail.com; Trying something new today – wish me luck! Just saying;49;92;6
P0281;Theo.Papadakis@gmail.com; Anyone else obsessed with bubble tea? Just saying;67;84;1
P0282;Juna.Baumgartner@gmail.com; Sometimes silence is the loudest cry Feeling it;36;30;2
P0283;Mehdi.Al-Rashid@gmail.com; When was the last time you did something for the first time? Kinda random but okay;23;77;5
P0284;Greta.Svensson@gmail.com; Just had the best coffee ever! Let me know;44;9;10
P0285;Omar.El-Khatib@gmail.com; Social media cleanse starts now Anyone else?;46;10;2
P0286;Anita.Hardcock@gmail.com; Anyone else obsessed with bubble tea? What a day;32;20;0
P0287;Ben.Dover@gmail.com; Started reading a new book, and I’m hooked What do you think?;47;62;9
P0288;Phil.McCracken@gmail.com; This sunset deserves a thousand likes! Needed this today;28;81;3
P0289;Al.Beback@gmail.com; Still searching for balance #blessed;58;8;1
P0290;Drew.Peacock@gmail.com; Taking things one day at a time So true;55;65;7
P0291;Mike.Litoris@gmail.com; What’s your favorite movie of all time? Thoughts?;80;92;2
P0292;Crystal.Clear@gmail.com; Taking things one day at a time Kinda random but okay;41;58;8
P0293;Justin.Time@gmail.com; Sending good vibes your way! Kinda random but okay;76;44;5
P0294;Lou.Natic@gmail.com; We all need someone to talk to Just saying;20;14;7
P0295;Rick.O'Shea@gmail.com; Feeling lost but hopeful Let me know;40;21;4
P0296;Bob.Upndown@gmail.com; Anyone else obsessed with bubble tea? Needed this today;35;72;5
P0297;Pat.Myaz@gmail.com; Just needed to vent a little #blessed;53;97;1
P0298;Buster.Hyman@gmail.com; Just me overthinking everything again Couldn't agree more;76;40;6
P0299;Ivana.Tinkle@gmail.com; Social media cleanse starts now So true;66;47;10
P0300;Wayne.Kerr@gmail.com; This sunset deserves a thousand likes! Thoughts?;85;42;5
P0301;Ella.Vator@gmail.com; Sometimes silence is the loudest cry What a day;44;1;0
P0302;Harry.Johnson@gmail.com; Do what makes you feel alive Couldn't agree more;42;95;10
P0303;Sal.Ami@gmail.com; Proud of how far I've come Anyone else?;35;12;6
P0304;Gabe.Itch@gmail.com; Here’s to growth, even if it’s uncomfortable Mood;54;36;6
P0305;Stan.Dup@gmail.com; Still searching for balance Needed this today;69;39;5
P0306;Dee.Zaster@gmail.com; Some things just aren’t meant to be explained Thoughts?;78;71;6
P0307;Paige.Turner@gmail.com; Can't decide what’s scarier – change or staying the same Mood;35;6;7
P0308;Ray.Pugh@gmail.com; Just needed to vent a little Let me know;58;11;3
P0309;Will.Power@gmail.com; Sometimes silence is the loudest cry Thoughts?;13;65;2
P0310;Justin.Case@gmail.com; It’s okay not to be okay Feeling it;53;94;7
P0311;Noah.Fence@gmail.com; This year is going way too fast Let me know;90;50;6
P0312;Warren.Peace@gmail.com; Sending good vibes your way!;35;41;7
P0313;Polly.Ester@gmail.com; Trying to eat healthy;71;61;9
P0314;Art.Major@gmail.com; Just me overthinking everything again Let me know;72;76;6
P0315;Brock.Lee@gmail.com; Tired but happy;105;43;5
P0316;Barb.Dwyer@gmail.com; Sending good vibes your way! Couldn't agree more;56;21;1
P0317;Don.Keigh@gmail.com; The moon looks beautiful tonight Kinda random but okay;43;20;7
P0318;Gail.Forcewind@gmail.com; When was the last time you did something for the first time? Mood;74;88;4
P0319;Jean.Poole@gmail.com; Anyone else obsessed with bubble tea? Might delete later;39;24;3
P0320;Mary.Juana@gmail.com; Feeling grateful for the little things Thoughts?;54;97;6
P0321;Mike.Rotch@gmail.com; Laughing through the chaos Anyone else?;57;85;5
P0322;Rick.Shaw@gmail.com; Finally tried sushi for the first time! #blessed;92;94;5
P0323;Sandy.Beech@gmail.com; Can't decide what’s scarier – change or staying the same Might delete later;12;70;5
P0324;Shanda.Lear@gmail.com; Today felt like a dream Couldn't agree more;100;26;7
P0325;Tara.Byte@gmail.com; Can someone recommend a good podcast? #blessed;16;51;7
P0326;Will.Wynn@gmail.com; Sunshine and good vibes today Feeling it;24;4;3
P0327;Emma.Sanchez@gmail.com; Sometimes all you need is a break from everything Let me know;4;9;9
P0328;Liam.Becker@gmail.com; What if we stopped pretending? #blessed;0;92;5
P0329;Ava.Nakamura@gmail.com; Taking things one day at a time What do you think?;59;47;2
P0330;Noah.Schmidt@gmail.com; Social media cleanse starts now What do you think?;17;91;2
P0331;Sophia.Rossi@gmail.com; What if we stopped pretending? Mood;54;92;4
P0332;Elijah.Novak@gmail.com; Throwback to a simpler time Just saying;41;48;7
P0333;Mia.Chen@gmail.com; Made peace with a part of me today Feeling it;0;100;2
P0334;Lucas.Ibrahim@gmail.com; Today felt like a dream Thoughts?;19;78;2
P0335;Olivia.Petrova@gmail.com; Feeling lost but hopeful What a day;35;42;8
P0336;Mateo.König@gmail.com; Creativity feels like magic today Couldn't agree more;52;7;4
P0337;Isabella.Kim@gmail.com; Life is weird, but that’s what makes it beautiful Needed this today;45;7;9
P0338;Leo.Fernandez@gmail.com; New city, new adventures Couldn't agree more;44;26;4
P0339;Chloe.Dubois@gmail.com; I think I’m finally getting the hang of this What a day;71;64;2
P0340;Ethan.Müller@gmail.com; Trying to eat healthy;37;65;9
P0341;Amira.Johnson@gmail.com; Healing isn't linear Might delete later;41;67;3
P0342;Benjamin.Zhang@gmail.com; Taking things one day at a time This hit hard;31;73;3
P0343;Julian.Meier@gmail.com; This hit different #blessed;21;69;4
P0344;Lina.Castillo@gmail.com; Just needed to vent a little What a day;2;48;5
P0345;Adrian.Costa@gmail.com; Can’t stop listening to this one song Kinda random but okay;16;97;9
P0346;Yasmin.Bauer@gmail.com; Sometimes silence is the loudest cry Mood;37;76;4
P0347;Maxime.Laurent@gmail.com; It’s okay not to be okay Just saying;34;70;2
P0348;Mila.Schmidt@gmail.com; This year is going way too fast Couldn't agree more;68;46;4
P0349;Felix.Andersson@gmail.com; Made peace with a part of me today So true;51;3;6
P0350;Liana.Weber@gmail.com; I think I’m finally getting the hang of this Anyone else?;63;61;10
P0351;David.Park@gmail.com; Got lost in a good book again What a day;72;48;6
P0352;Emily.Novak@gmail.com; Trust the timing of your life Feeling it;55;82;3
P0353;Elias.Bergmann@gmail.com; The stars feel closer tonight Anyone else?;70;34;0
P0354;Samuel.Richter@gmail.com; What if we stopped pretending? Anyone else?;12;13;3
P0355;Zoe.Carter@gmail.com; Can't believe how fast time flies Mood;83;94;1
P0356;Anton.Kuznetsov@gmail.com; Just needed to vent a little;43;68;10
P0357;Layla.Fischer@gmail.com; Can’t stop listening to this one song #blessed;63;39;8
P0358;Niklas.Wagner@gmail.com; Life is weird, but that’s what makes it beautiful Might delete later;40;26;4
P0359;Giulia.Conti@gmail.com; Tired but happy;0;37;8
P0360;Tomáš.Varga@gmail.com; Life is weird, but that’s what makes it beautiful Let me know;38;48;3
P0361;Lea.Zimmermann@gmail.com; Here’s to growth, even if it’s uncomfortable;39;42;3
P0362;Johan.Olsen@gmail.com; Just had the best coffee ever! Feeling it;46;58;6
P0363;Elif.Kaya@gmail.com; Share your thoughts: Is social media a blessing or a curse? Thoughts?;2;35;0
P0364;Diego.Ramirez@gmail.com; The moon looks beautiful tonight What do you think?;78;73;7
P0365;Hanna.Braun@gmail.com; Remember to breathe Might delete later;76;26;5
P0366;Elias.Lindberg@gmail.com; Made peace with a part of me today #blessed;77;53;6
P0367;Kyra.Tanaka@gmail.com; This year is going way too fast Kinda random but okay;31;30;9
P0368;Marco.Benedetti@gmail.com; Today felt like a dream Needed this today;96;83;10
P0369;Selina.Koch@gmail.com; Share your thoughts: Is social media a blessing or a curse? Might delete later;11;67;9
P0370;Jakob.Steiner@gmail.com; Do what makes you feel alive Needed this today;44;1;10
P0371;Ayla.Hassan@gmail.com; Sometimes all you need is a break from everything Feeling it;10;53;2
P0372;Noah.Lefevre@gmail.com; Just needed to vent a little So true;84;64;3
P0373;Naomi.Jansen@gmail.com; Life is weird, but that’s what makes it beautiful So true;7;70;1
P0374;Milan.Novakovic@gmail.com; Just had the best coffee ever! Just saying;79;29;6
P0375;Lara.Ivanova@gmail.com; Feeling lost but hopeful Mood;24;31;1
P0376;Theo.Papadakis@gmail.com; The moon looks beautiful tonight Let me know;94;28;8
P0377;Juna.Baumgartner@gmail.com; Some days are just harder than others Might delete later;2;23;6
P0378;Mehdi.Al-Rashid@gmail.com; Sunshine and good vibes today Anyone else?;25;96;7
P0379;Greta.Svensson@gmail.com; Life is weird, but that’s what makes it beautiful Feeling it;20;94;6
P0380;Omar.El-Khatib@gmail.com; Trying to stay grounded Just saying;49;78;9
P0381;Justin.Time@gmail.com; Started reading a new book, and I’m hooked What a day;13;48;10
P0382;Amira.Johnson@gmail.com; Trying to eat healthy;79;26;9
P0383;Barb.Dwyer@gmail.com; Trust the timing of your life Just saying;15;77;3
P0384;Jakob.Steiner@gmail.com; Can someone recommend a good podcast? Feeling it;61;31;3
P0385;Gail.Forcewind@gmail.com; Made peace with a part of me today Couldn't agree more;56;6;3
P0386;Greta.Svensson@gmail.com; Trust the timing of your life Couldn't agree more;36;99;7
P0387;Barb.Dwyer@gmail.com; What’s your favorite movie of all time? #blessed;95;98;2
P0388;Adrian.Costa@gmail.com; Life is weird, but that’s what makes it beautiful What a day;9;28;8
P0389;Justin.Time@gmail.com; Got lost in a good book again Couldn't agree more;6;56;4
P0390;Sal.Ami@gmail.com; What if we stopped pretending?;66;90;0
P0391;Ivana.Tinkle@gmail.com; The stars feel closer tonight Just saying;81;46;5
P0392;Mateo.König@gmail.com; Trying to eat healthy;100;43;4
P0393;Mike.Rotch@gmail.com; I think I’m finally getting the hang of this;46;21;6
P0394;Diego.Ramirez@gmail.com; Do what makes you feel alive Let me know;29;55;9
P0395;Lucas.Ibrahim@gmail.com; Still searching for balance Might delete later;18;71;0
P0396;Buster.Hyman@gmail.com; Trying to eat healthy;52;96;6
P0397;Olivia.Petrova@gmail.com; Just had the best coffee ever! Might delete later;54;90;6
P0398;Bob.Upndown@gmail.com; This hit different Just saying;60;59;4
P0399;Warren.Peace@gmail.com; Creativity feels like magic today This hit hard;23;56;1
P0400;Johan.Olsen@gmail.com; Share your thoughts: Is social media a blessing or a curse? Mood;69;61;4
